#,,sentiment,text,Emotion
1,0,0,"@switchfoot http://twitpic.com/2y1zl - Awww, that's a bummer.  You shoulda got David Carr of Third Day to do it. ;D",Sad
2,37,0,@MissXu sorry! bed time came here (GMT+1)   http://is.gd/fNge,Anticipation
3,50,0,Broadband plan 'a massive broken promise' http://tinyurl.com/dcuc33 via www.diigo.com/~tautao Still waiting for broadband we are,Anticipation
4,73,0,"Gym attire today was: Puma singlet, Adidas shorts.......and black business socks and leather shoes  Lucky did not run into any cute girls.",Surprise
5,74,0,Why won't you show my location?!   http://twitpic.com/2y2es,Angry
6,95,0,Strider is a sick little puppy  http://apps.facebook.com/dogbook/profile/view/5248435,Sad
7,99,0,A bad nite for the favorite teams: Astros and Spartans lose.  The nite out with T.W. was good.,Fear
8,100,0, Body Of Missing Northern Calif. Girl Found: Police have found the remains of a missing Northern California girl .. http://tr.im/imji,
9,106,0,Emily will be glad when Mommy is done training at her new job. She misses her.  http://apps.facebook.com/dogbook/profile/view/6176014,Joy
10,117,0,ugh. cant sleep. its 1:30am.,Angry
11,170,0,Crazy wind today = no birding  http://ff.im/1XTTi,Fear
12,181,0,Check out my mug  http://www.erika-obscura.blogspot.com,Joy
13,184,0,Just woke up an already have written some e-mail... I've to go early at University today as I have to teach at 8:30 AM!,Anticipation
14,201,0,"@stustone Your show is whack. Way worse than whack, it's wiggety-whack.    :*(:*(:*(",Disgust
15,213,0,Awwh babs... you look so sad underneith that shop entrance of &quot;Yesterday's Musik&quot;  O-: I like the look of the new transformer movie ,Sad
16,218,0,@infinitydefines  omgawd i couldnt handle my cat being in heat all the time D: D:,Disgust
17,225,0,SHOOTING OUTSIDE MY HOUSE :O NOT KIDDING! So SCARED ,Fear
18,286,0,"FML: So much for seniority, bc of technological ineptness, I now have to &quot;register&quot; for classes AGAIN ",Angry
19,290,0,"@LevenRambin: Take it easy, and be good to you. ",Joy
20,305,0,"Argh! I was suuuper sleepy an hour ago, now I'm wide awake.  Hope I don't stay up all night. :-/",Angry
21,310,0,"http://twitpic.com/2y2wr - according to my bro, our new puppy had a poo fight and was covered in poop  (picture stolen from him)",Anticipation
22,312,0,Su yin Huen tweeted I feel unbearable guilt. I made my staff cry  http://tinyurl.com/cw2l9t,Sad
23,335,0,getting annoyed easily today  &gt;&gt;&gt; biofuel proposal: getting annoyed easily today  &gt;&gt;&gt; biof.. http://tinyurl.com/ceprvs,Disgust
24,352,0,New Testament Test at 9:30 am,Anticipation
25,355,0,"http://twitpic.com/2y2yi - I love you, Buck.",Joy
26,359,0,Scratch that: du in heif (two in a half) cookies. My tum just can't take anymore shoog. Poots ,
27,369,0,@nchokkan https://www.mycomicshop.com/search?TID=395031 But all says not in stock,
28,384,0,Pepperoni rolls in L.A.?: I called Valentino's - they said that they had sausage rolls but no pepperoni rolls  http://tinyurl.com/cec5ka,
29,434,0,http://twitpic.com/2y34e - I wanna wear my Doc Martens out! Haven't worn them since December.,Anticipation
30,464,0,"My bathtub drain is fired: it haz 1 job 2 do, &amp; it iz FAIL. I got all Drano on its ass, &amp; iz STILL NOT DRAINING. I wanna shower, dangit!!",Angry
31,467,0,Duckling in famous children's book stolen from Boston's Public Garden - The Boston Globe http://tinyurl.com/dc2htx via @ShareThis OH NO!!,Surprise
32,474,0,"http://twitpic.com/2y36e - cant see the flowers falling  i dont have a camera, just my cellphone",
33,517,0,"http://is.gd/r8Zf,  http://is.gd/r8Zy, and  http://is.gd/r8ZG - test footage with my girlfriend (in HD) The dark one is underxposed",
34,521,0,Fraking app store is pissing me off   http://tinyurl.com/c4ooho,Angry
35,561,0,sad that the 'feet' of my macbook just fell off : sad that the 'feet' of my macbook just fell off ,Sad
36,564,0,http://twitpic.com/2y3cf - Filled with curry  the true indian in me is coming out,
37,568,0,Tumblr: This is exactly how it feels wearing a ï¿½tieï¿½  http://tinyurl.com/c8bvqh,
38,587,0,[-O] I wish the frogs weren't becoming extinct    http://tinyurl.com/cxe8w7,Sad
39,596,0,@nick_carter Come to the chat  just 15 minutes  please? http://fanclub.backstreetboys.com/chat.php,Anticipation
40,605,0,@danielledeleasa http://twitpic.com/2y1pe - I hate 2 B allergic  i want a puppy soo bad that i've already thought some cool names,Angry
41,639,0,"@louie094: shooting!?!! be careful, luisa",Fear
42,661,0,sad day: manu out for the season ,Sad
43,670,0,White trash vs us... We were outnumbered.  http://twitpic.com/2y3jp,Angry
44,688,0,wishes for good old cartoons to come back. ie: Captain Planet! Where's Wally! Daria! (sadness  ),Sad
45,692,0,"Four games this fall: Modern Warfare 2, Halo 3 ODST, Brutal Legend, and Bioshock 2 I need more cash",Anticipation
46,701,0,Re-pinging @Kyle44: Custom icons I made! =] look cool but the edges could be less square  might look bad on a diff background,Joy
47,735,0,Superneej: Morning! Bah Car won't start.. waiting for the ANWB.... ,Disgust
48,756,0,I'm up way to late to be working for a client 12:10 AM  #fb,Disgust
49,758,0,Back at work  @ John Muir Dr http://loopt.us/KoqAbg,
50,779,0,"there's a new kind of starburst: favereds. sounds fab, bc cherry and strawberry are MY fav red's but they added watermellon and its yucky ",Disgust
51,845,0,Why can't I sleep like her  http://twitpic.com/2y3ty,Joy
52,863,0,@beachbassbone: roomie was home all day. All he had to do was scratch at the door. Comforter has to goto large laundromat machines. ,
53,882,0,"worked his heart out today, doubling my weight at each station. Result: Stiff and pulled muscles... OUCH! ",Surprise
54,894,0,Sodding M25   http://twitpic.com/2y3y0,
55,895,0,oh I thought the pirate bay trial verdict was today :-s apparently it's in 10 days,Surprise
56,897,0,"is in study hall now, and i will log off immediately.  http://plurk.com/p/mzxbg",Anticipation
57,903,0,is craving for some tantan nabe  http://plurk.com/p/mzxcs,Anticipation
58,956,0,"Can't believe Cutner is dead on House! Sad day.  in Santa Rosa, CA http://loopt.us/ORPL3A",Sad
59,957,0,Damnit I was really digging this season of Reaper  http://www.tv.com/story/13720.html?ref_story_id=13720&amp;ref_type=1101&amp;ref_name=story,Angry
60,1002,0,definitely no vacation for me...   http://plurk.com/p/mzygb,Sad
61,1023,0,New Post!  http://tinyurl.com/cexkqy,Joy
62,1031,0,"#travian Total cost of the atk for the aggressor: 273,310 resources all said and done. I'm guessing he's not going to let that slide.",
63,1047,0,Meat Week Day 3: Tummy hurts every night,
64,1063,0,@_saffron  Why not? :[,Sad
65,1082,0,Jade is looking for a new home...  http://apps.facebook.com/dogbook/profile/view/4744827,
66,1083,0,damnnn! i missed 11:11,Angry
67,1086,0,"@transbay &quot;SFMTA Budget Proposal Hearing: tomorrow, April 7 at 2:00 pm (City Hall, Room 400). Sadly, I cannot attend.&quot; Me neither.",Sad
68,1097,0,job searching.....FYI: Yahoo HOT JOBS suck! .. im never going to find a job ,Angry
69,1112,0,I've finally given in. Now at Malaysian restaurant waiting for nasi lemak and teh Tarik. Mereka tak faham bm...  http://twitpic.com/2y4bh,
70,1151,0,Where's Derrick  http://ff.im/-1XWXs,
71,1152,0,Needs to stop sleeping all day.. Causes some problems when you're wide awake at 2:45am...,
72,1167,0,@twitter please fix this http://sp2.ro/5b7bdb because it brakes all external twitter avatar searches,
73,1180,0,"Not to self: licking off pudding from a seafood fork, not so enjoyable as slowly licking off of a spoon ",
74,1182,0,It just makes me happy! over and over again. I wish I wan't afraid to fly  http://tinyurl.com/64skpp,Joy
75,1193,0,It just makes me happy! over and over again! I just wish I wasn't afraid to fly  http://tinyurl.com/64skpp,Joy
76,1220,0,"I woke up an hour ago ... Now I'm having a hard time going back to bed  in Lakewood, CA http://loopt.us/rywlHQ",Anticipation
77,1221,0,Going to sleep with lily and rocki &lt;3 Johnathon is too busy watching batman movies  http://twitpic.com/2y4j5,
78,1222,0,@gaspitsnicole sigh me too  mostly i midd hsnging out with my friends damn growing up : p,Sad
79,1233,0,@gaspitsnicole sigh me too  mostly i miss hsnging out with my friends damn growing up : p oh yeah i miss being able to spell too lol,Sad
80,1237,0,: @nikicheong just reminded me that #KrispyKreme http://www.krispykreme.com.my/ has landed in Msia and has an ugly website ,Disgust
81,1248,0,"@eileenb I had that a while back (http://tinyurl.com/dmukpr), and I know some other people that have too ",
82,1254,0,@ientje89 aw i'm fine too thanks! yeah i miss you so much on the MFC  but hope we can talk later on today  kisses :huglove:,Joy
83,1257,0,This breaks my heart Navy Seal Marcus Luttrell's doggy  http://www.rightpundits.com/?p=3669 I am filled with rage.,Angry
84,1305,0,"Off to bed now, sick n can't sleep but will try w/ help of meds :s ",Anticipation
85,1344,0,Please watch this vid and tell me if you are not moved  http://www.youtube.com/watch?v=EUJSME0TORw,
86,1351,0,"@nicolerichie: Haha. Yeah, they were that band from MMC! I used to have a CD, but I lost it. ",Sad
87,1374,0,http://community.livejournal.com/ohnotheydidnt/33907252.html How freakin cool is that? Why doesnt shit like that happen to me?,Joy
88,1377,0,I think I need to get laid. Sad revolution I had earlier rofl  http://twurl.nl/ibz2wb,Sad
89,1428,0,"WTF?? T:SCC killed Derek Reese (Brian Austin Green), I actually liked that character! ",Angry
90,1431,0,"8:00am typical British morning. Cold, wet, road full of miserable angry drivers..... good times! I need a holiday",Angry
91,1434,0,"@Tubeyornot2B you and me both. I thought I found a tweetheart, but I guess not.  so the search continues.. :-\",Sad
92,1446,0,http://twitpic.com/2y4vn - remember these days? neither do i. siiiiike. i miss my old body  someday soon u shall be miiiiine.,Sad
93,1456,0,// :T I just asked my friend what piglet was (winnie the pooh.) ....seriously guys what is it ,
94,1529,0,Can't sleep. It's 2:05am--Ugh!!! I'm not even sleepy,Angry
95,1530,0,"How sad, I did not know Andy Hallet died  http://tinyurl.com/dhq7xv",Sad
96,1543,0,"sorry, I should say that this vid hits you hard, please beware the last 2 minutes especially  http://www.youtube.com/watch?v=EUJSME0TORw",Sad
97,1544,0,Wondering why gamebattles is down  http://bit.ly/qZuUY,
98,1563,0,Know exactly how you feel man  re: http://ff.im/1XTN7,
99,1574,0,"Can't belive it.. We're home!! So sleepy 4 hrs today..  in Round Rock, TX http://loopt.us/GEtn1w",
100,1588,0,@Amelia_Torode Have fun shopping ... but bear in mind the horrible forex truth  http://bit.ly/kHBN  ,
101,1616,0,terrified by the news from Italy  http://tinyurl.com/dhdpne,Fear
102,1651,0,Someone needs to give this baby a home!!! I would but it's a bit too soon  http://tinyurl.com/dzbppd,Joy
103,1655,0,Our trip has been canceled. See the latest blog post for info  http://kiwinova.blogspot.com/,Sad
104,1662,0,"@30SECONDSTOMARS: Thank's for your prayers, these days are very difficults",Sad
105,1685,0,"Back at :work, have to go to ::Zeist in a minute. But want to stay here to do some work ",
106,1703,0,"@smaffulli correction: they don't tell you, but a cert. is there. How you can use it is a different matter, and without Win yet another! ",
107,1708,0,Early Twitter Buzz: Star Trek Has Secret Premiere in Austin - http://is.gd/r9vr Holy crap! Wish I was there...,Surprise
108,1730,0,i don't wanna leave CO! 4:15 am is coming too soon!!,Anticipation
109,1732,0,"Where the magic happens every month LOL Sophia did a terrific job, as usual! What am I gonna have for dinner?  http://twitpic.com/2y5bz",
110,1765,0,first: UNC DOMINATED!!!!!!!!!!!!!!. second: the hills is back (hallelujah). third: econ paper? gaussian copula is def. NOT that deal ,
111,1777,0,oh em gee. this is love http://tinyurl.com/djjc46 want want want! lusting after things i cannot afford.,Joy
112,1793,0,@eNiBeNi i would if i knew them  ed si que se duerme temprano :S,
113,1838,0,"The worst part about laundry is: the longer that you wait to do it, the more unpleasant it becomes. Nger",Disgust
114,1849,0,Note to you all: don't go to the choclate bar @ schiphol!! it is passengers only ,Surprise
115,1858,0,wont get any rudd money   for those in doubt... http://calculators.ato.gov.au/scripts/axos/axos.asp?CONTEXT=&amp;KBS=ESB.xr4&amp;go=ok,
116,1922,0,Ads not yet appeared  Google Adsense Team said it may delay 48 hrs on http://womenissues.info,
117,1941,0,Journalist throws shoe at Chidambaram  http://ibnlive.in.com/news/journalist-throws-shoe-at-chidambaram/89666-3.html,
118,1947,0, Heroes is losing it's momentum :( come on writers pick it up!!!,Sad
119,1951,0,"Stupid bus was early  I missed it. Stupid thing  Then I missed the bus after that.  Finally got a bus, then missed my second :'( gutz.",Sad
120,1955,0,gosh it`t 9:39 am and i am soooo tired &quot;yawn&quot; i want to go back to sleep but i can`t,Disgust
121,1964,0,It's 8:40am... I've been awake for nearly 2 hours,
122,1976,0,Banned from Sims Forums for the rest of the week. Aww    It feels weird. I was only sticking up for Chanel :'(,Sad
123,1993,0,late night is all re-runs  http://ff.im/1Y02L,
124,2009,0,is running on low batteries....  http://plurk.com/p/n0blb,
125,2014,0,"@mileycyrus i have the same problem, but it's 4:43 here... let's see if counting works..1234...56 57 58... 132 133 134... no z's for me!",
126,2018,0,"http://twitpic.com/2y5s9 - He only reminds me of him because he doesn't wash his hair, that's all. Gross, I know!",Disgust
127,2020,0,just got back from the funeral of a government employee-friend.    http://plurk.com/p/n0bvd,
128,2045,0,What is common between Chidambaram and George Bush  http://news.oneindia.in/2009/04/07/sikh-journalist-hurls-shoe-at-p-chidambaram.html,
129,2059,0,"@_adriii OMGOSH, they're like biscuits, so so so yum. xD you haven't lived until you've eaten them missy :p &amp; i miss you too  x",Joy
130,2062,0,Leaving Koh Tao  start of journey back to Bangkok  http://twitpic.com/2y5uv,
131,2078,0,"@_elliee haha yeah, i thought it would be much more complicated :') and well ive just got home from school, we've not got holidays  x",
132,2100,0,Blip.fm is undergoing maintenance.  http://blip.fm/,
133,2107,0,Coke Zero mobile site broken... on iPhone anyway...   http://twitpic.com/2y5xp,
134,2166,0,Just heard Eminem's new single. It's official. He fell off. : Just heard Eminem's new single. It's official. He fell off. ,Disgust
135,2217,0,"http://twitpic.com/2y65i - Snow, the guy I'm seeing car at work...lmao...he gonna kill me",
136,2220,0,@mileycyrus http://twitpic.com/2xszg - Napping? At this point you may need a few of those. GMA is gonna come early.,
137,2230,0,Tweet4Today: &quot;Have a limbo party while you are still supple enough to get under that bar&quot; .... Still???,
138,2248,0,Devastated that the Spiegeltent won't be coming to Edinburgh Festival this year http://tinyurl.com/djh4pr,
139,2251,0,Mitea is missing  http://apps.facebook.com/catbook/profile/view/6040269,
140,2273,0,Friendfeed beta doesn't appear to like my Twitter account  http://ff.im/-1Y0Zm,
141,2278,0,boycotting work: on facebook's fashion war. ,Disgust
142,2284,0,Masha is alone and sad  http://apps.facebook.com/catbook/profile/view/5408301,Sad
143,2308,0,No TravoRadio this morning. BlipFM is down.  http://bit.ly/ch6Xr,
144,2327,0,Amazon mp3 downloads down to 29p So much for my 10%  Cheers @jodiedoubleday http://tinyurl.com/dg5qtg,
145,2362,0,Gonna be a great day: 4 of the 6 members of our team are off,Disgust
146,2402,0,"its 3:24pm here, and i dont wanna go to chemistry course.. i dont wanna meet jordi! thats the main reason..",Anticipation
147,2426,0,turns out there had been #earthquake warnings in Italy and they were ignored: http://bit.ly/4dVYg3,Surprise
148,2447,0,off to the hospital :S some jaw breaking is about to happen! ,Anticipation
149,2453,0,@andygosling ouch  zoom:1 and the clearfix method are your friends.,
150,2454,0,Is just loving the fact that it is 3:30 in the a.m. and my lil daughter will not go back to sleep!!!,Disgust
151,2461,0,@mileycyrus http://twitpic.com/2y606 - I want a Sofie!  She's helllza cute.,Joy
152,2463,0,...but first the other workathlon: 3 sets of management accounts one after the other.,
153,2479,0,"wants to use the 8-directional dance pad, pero di compatible sa TV yung game.  http://plurk.com/p/n0hyu",
154,2515,0,can't sleep bc I drank a diet coke @ 9pm....sucks bc I have to wake up at 5:30am,
155,2553,0,this is exactly why as cities burn worries me : &quot;As Cities Burn's third and most likely final outing&quot; - from their new album review ,
156,2559,0,will probably be in Scotland next week.  http://plurk.com/p/n0ivz,Anticipation
157,2572,0,Got the BrainBone daily question wrong!  - http://apps.facebook.com/brainbone/stats/339?ref=tw,Disgust
158,2585,0,"@iloveAC slut, you never talk to me! but yet you talk to rinn!  waa waaa waaaaaaaa lol i love you courtney (:",Joy
159,2610,0,one of my site's PR dropped  http://plurk.com/p/n0jlt,
160,2625,0,"i'm in my clinic, its booring  http://twitpic.com/2y6qq",
161,2638,0,ARIZONAAAA! - japannaly: hhhahaha now you canï¿½t go thursday! YOU BITCH!  jk hahaha http://tumblr.com/xej1jtj9w,Joy
162,2654,0,dear twitter... i have 4 bug bites on my leg. :\ they r itchyyyy....  haha just got outta the shower. uhh night.,Disgust
163,2671,0,Looks like the Nobel peace prize is simply a popularity contest   http://tinyurl.com/cffz4h,Disgust
164,2673,0,ugh why did my mum wake me up so early!! 8:45 geesh! I NEED SLEEP! And @princessnadys...there is noth  awww,Disgust
165,2677,0,via @chrismevans: Argh.  Driving into London today.  Made a wrong turn at Kings-X - stuck in an extra 30 minutes of logjam traffic,Disgust
166,2709,0,uh D: why did the dentists hurt today. holy crap i feel like my teeth are all about to fall out ,Surprise
167,2713,0,"@omkar_kurode : you won coz i created &quot;avenues&quot; for you! and yeah, i made the mistake of choosing TANGO over ZONE ",
168,2721,0,wishes Restaurant City or Pet Society could be ported to the iPhone/iTouch.  http://plurk.com/p/n0lb0,
169,2722,0,not twittering in the past 22 days obviously. 1:40AM and taking a small break from ochem.,
170,2763,0,http://twitpic.com/2y6z6 See where we've been moved too.  #dwsr,
171,2772,0,Watched Smallville 8x18 last nite http://twurl.nl/iyar6d ep could've been so much more but yet again the decisions made fail to impress,Sad
172,2781,0,"Reports from Italy: 179 death, 34 missing, 1500 injured  #Italy #Earthquake (via RAI http://tinyurl.com/c5mja5 )",
173,2828,0,went to bed at 8pm and now wide awake at 4 am. I don't have to be to work until 8:30. This is going to be a long day,
174,2878,0,PyPI fail: Installing Markdown with pip and easy_install downloads the Python 3 version,
175,2901,0,"needs a mouse, looks like my lappy's touch pad is giving up na.  http://plurk.com/p/n0ni4",
176,2904,0,NASA lost RAW footage from the Apollo 11 mission?  http://www.wired.com/wired/archive/15.01/nasa.html,
177,2988,0,Today's plan: driving back to Vienna: spring cleaning in my flat ,
178,2992,0,"Mmmm, i want eatser show on the 14th; not 15th   this is bad for me  Maddie D:",Surprise
179,2998,0,@pmarnandus re: daily gossip.. well the twitter gossips are mostly from E! Online which I cannot access!! ,
180,2999,0,http://twitpic.com/2y7bg - This is Ashley from Kick's afternoon show. He's not impressed with the Twitter,
181,3011,0,@BenjaminReid Your internet still down?? :O ,Surprise
182,3024,0,"is pisses off, legs ++ feet in loads of pain, running from a old man who tryed too trash our tent :O ",Angry
183,3026,0,@_Jaska Some things... they just never get old. http://tinyurl.com/holdisgiantcherry I miss Maya. ,Sad
184,3028,0,"Making a short video, Windows movie maker has crashed for 20th time   but my middle name is perseverence :p , should finish the video soon",Joy
185,3031,0,"Rode river circuit, asthma hit hard :O Too wet to mow  Amazed or amused that W/pac cr limit raised, celebrated with Coles' shop, etc. ;)",Surprise
186,3057,0,"@alessandrod: dude.. hope you guys are alright, except the home/car ",Fear
187,3067,0,Can't get past 43 in flight control  http://twitpic.com/2y7f2,
188,3085,0,@karen230683 more shopping!!! sounds like a terrible plan  hope you are not dragging your brother with you this time :p,Joy
189,3092,0,Out of stock on xbox 360 limied edition red Elite at the moment  . I must have one!   http://twitpic.com/2y7g0,Joy
190,3123,0,@cadelofficial http://twitpic.com/2ved8 - I love mountains.. but i live in belgium..,Joy
191,3140,0,When I get mine Iï¿½m going to do a tour of Copenhagen with it ï¿½;) Hmmph I can't top that  .. must get thinking .. http://tinyurl.com/c2trgj,
192,3144,0,Fta: anyone heard about this? wondering if anyone is carrying VOOM anymore or are they pretty much dead?  http://tinyurl.com/ca6z8j,
193,3175,0,The Mighty Tap are doing a one-date world tour but I will have a newborn  http://news.bbc.co.uk/1/hi/entertainment/7985487.stm,Sad
194,3195,0,"@jonpaulkaiser I'm probably worse than you lol so sorry, these photos are seriously long overdue  last time I buy a Sony cam: rubbish!",Angry
195,3205,0,dropped one of the earbuds of my sennheiser in my tea  i really hope its gonna work again :'(,Sad
196,3223,0,@andy_cyrus im still awake too lol cant sleep  glad your up tho (:,Joy
197,3241,0,@kev_nz LOL better let aboy021 know if he's doing the deploy before his 9:30 bedtime. Hope you are feeling better. Being sick sux,Sad
198,3250,0,"@hairpins haha well what makes you think you don't use big words too? SADISTIC! :p what did i say any way? and no i don't, sorry babe ",Sad
199,3267,0,"It's 5:23 and I've been sitting around barely watching I'm Not There. I really wanted to see that movie, but I keep getting distracted.",Anticipation
200,3280,0,bleh. i strongly dislike working at 5:45am everyday.,Angry
201,3287,0,This is amazing. But I can only get 41 words per minute  http://play.typeracer.com/,Joy
202,3304,0,Wishing we had fast internet NOW....not in 8 years!  http://bit.ly/I72Oi,Disgust
203,3305,0,Getting ready for work... 6:30-3:15..  ..,
204,3318,0,"http://tr.im/imOv ï¿½i, bï¿½c H?i Tho?i th? lï¿½ giï¿½ t? cu?c ??i r?i ( Mï¿½nh v?n cï¿½n nh? cï¿½i nhï¿½ t?p th? bï¿½ tï¿½ c?a bï¿½c ï¿½ ? ch? Tr?i ",
205,3322,0,Btw Eventbox is available for free on Macheist for every visitors. Unfortunately I switched to Tweetdeck  http://macheist.com,
206,3365,0,i close my eyes nd i see your face..:/ whens it gonna stop? ::sigh times 5::,Sad
207,3388,0,@fromthestars I WANNA GO TO AN AMUSEMENT PARK.  EK is getting tired. :|,Sad
208,3410,0,"@Winetweat: sorry  but follow us, we're going to publish pictures and video and sometimes also in english",
209,3420,0,I heard he stopped singing.  It's a shameï¿½ ? http://blip.fm/~3xath,Sad
210,3441,0,@heidimontag : i dont know im in the UK so isn't out here yet  so jealous,Sad
211,3461,0,NEED UUUUUUUUUUUUUU.....  http://plurk.com/p/n0vpg,
212,3473,0,Uni sucks! Have to leave home at 12:00 to attend a lecture at 14:30 to 16:30.  &amp; roadworks everywhere - MT installing fibre cables.,Disgust
213,3474,0,"Started his 12 week training, it's going tobbr tough with so many birthdays, currently at work    http://twitpic.com/2y81k",Anticipation
214,3486,0,a sad day I morn for my awesome car  http://twitpic.com/2y82e,Sad
215,3490,0,Creepy Outdoor on the speedway: Alli is now in Portugal... Seems not so good 4 losing weight  not healthy!,Disgust
216,3495,0,http://twitter.com/freddybust/status/1463411617 - thats right!,
217,3500,0,"going, going, aaand gone. poor moosie fell asleep in class   http://twitpic.com/2y82y",
218,3512,0,@dale__wood I love uni coffee????? BET you won't get this one. ILPC oh ps uni tomorrow pick u up at 12:52! PS 1000 word assignment!  ARG,Disgust
219,3515,0,:S geen How I Met Your Mother vandaag ,Anticipation
220,3520,0,Up since 3:00. Going to be a looooong day.,Anticipation
221,3534,0,http://twitpic.com/2y867 - I miss thiss,Sad
222,3535,0,"Wow, its way too early to be awake.  Lots to do though, and software post at 8:30 so I actually have to be to work on time. Boo...",Disgust
223,3544,0,Been sent to the naughty boys corner in work  http://twitpic.com/2y86s,
224,3578,0,http://twitpic.com/2y887 - I miss this!,Sad
225,3607,0,Dats some fast internets. We'll probably be stuck with that 10% though  http://digg.com/d1o8Kd,
226,3650,0,tired cant sleep baby feeding at 3:30,Sad
227,3713,0,it's tuesday...The Su couldn't sleep last night...BTW:orange juice right after brushing ones teeth with cinnamon toothpaste=yuck ,Disgust
228,3726,0,No longer innocent then...  http://news.bbc.co.uk/1/hi/uk/7986901.stm,
229,3738,0,Someone somewhere didn't like Sheepish http://www.smartestgames.com/gotdhistory.php?id=141,
230,3773,0,Someone in ROMANIA didn't like Mystic Myre http://www.smartestgames.com/gotd.php ,
231,3787,0,&quot;Who is your favorite vintage designer?&quot; Lucy: &quot;Topshop.&quot; I miss cycle 3 of britain's ntm.,
232,3788,0,@darenzia  assuming i wont get to see u before u leave...i'll miss u punkin : *,Sad
233,3824,0,http://twitpic.com/2y8lt - I feel so bad for the band right now,Sad
234,3832,0,Wow! I just did 5 suicides in a row. FYI: unless you're a professional athlete...you shouldn't do suicides.,Surprise
235,3835,0,urghhhhhh tired  i need a proper lie in :|,Sad
236,3837,0,"mandy moore &quot;cry&quot; ? http://twt.fm/33009 - &quot;a walk to remember&quot; by far my favorite movie, so sad i cried like a baby",Sad
237,3844,0,That IIS-Crash is a tough nut   Posted to newsgroup: http://is.gd/raIp,
238,3917,0,"@alesa13 nothing new here, same old boring crap  but at least theres sunshine...and tequila!  whats new with u?? have fun :*",Joy
239,3956,0,@andyclemmensen  lol i know i hate old computers  they suck big time! :p,Disgust
240,3976,0,12:20 i don't know what to do,
241,3979,0,"Fellow Philip Glass lovers, have you seen  this? (+ he's in concert @ Miami U next Wed but I'm  speaking somewhere   http://bit.ly/9BdqX",
242,4021,0,"gets kinda annoyed for no apparent reason  off to do some religion homework, then some english D:",Disgust
243,4029,0,"following some twitter accounts that report on earthquakes. situation in Abruzzo, Italy, is not good.180 dead. photos http://ow.ly/2fRj",Fear
244,4054,0,I want a new laptop.  HP TX2000 is the bomb. :| Who knows how much it is? IM me: gabbehhramos@yahoo.com,
245,4061,0,"@mcjo_standfree Yeah, they're gonna cut off a nostril!! :O Poor little love, it won't help his looks any! ",Sad
246,4071,0,No frickin way! http://tinyurl.com/3xzzcb How come I've never heard of this before!!! Maybe it's been canned  Scared just by the vid.,Fear
247,4099,0,is so late today. 12mn pa ako mkakalabas ng office  http://plurk.com/p/n14tz,
248,4104,0,"@plaguebringer IM GONNA WAND YOU TO DEATH. Makes me want to roll a mage rofl  also, http://www.youtube.com/watch?v=XclDFI02X-Q",
249,4135,0,Tdy school was rly boring. 6:31pm I was hoping it'd be 3pm so I could use the lapt longer...  Time passes rl fast.,
250,4149,0,"Miley cyrus says: in makeup and hair  why does mother nature hate me? my tummy hurts, im falling asleep, and its rainy!!! im exhausted...",Sad
251,4150,0,Had another amazing night with Tyler :* now off to work .... gotta make coffee for the early birds ,Joy
252,4151,0,says Busted songs make me wanna pick up the guitar again. Boo to broken strings.  http://plurk.com/p/n15j4,Sad
253,4180,0,says ayaw magload ng Pet Society haymsad  stupid office computer http://plurk.com/p/n1623,Angry
254,4216,0,i suffered from writers block the entire day yesterday and then after midnight ideas started hitting me and i havnt yet been to sleep  :O,Surprise
255,4217,0,5:37 and I am up. Oh my god,Surprise
256,4262,0,Why is 8*800mtrs @ 6:19  pace harder than a 22 mile?,
257,4274,0,isn't sure how much she will use this: blocked at work ,
258,4275,0,"@leawoodward Quite possibly - though with the cat, its more of a slang phrase to describe his defiant behavior   http://bit.ly/189FQI",
259,4308,0,@worrallo lucky. &gt;_&gt; I got up at 7:05am and I overslept by an hour.,
260,4310,0,"explain how, jazmine got from http://is.gd/raX6 to http://is.gd/raWM.  perhaps im being elitist but its so disappointing",Sad
261,4343,0,@kariajay When I was in school I thought I'd be a millionaire at 20 and retire at 21  Look at me today :-P,Sad
262,4344,0,"@Godfrey_G2da3 Yup, 5 exams and 4 coursework, kmft..plus my pratical nxt mtnh!  how woz ur driving lesson? knocked over any pigeons? :p",
263,4359,0,"Have so much to do today: hand in coursework, pack and tidy (and this is the wost work) and then my shift at work from seven. Shattering ",Anticipation
264,4364,0,Next US airings: Mon. Apr. 13 asdfasdfasdf. I don't wanna wait that long.,
265,4370,0,@CosmopolitanUK have you tried the Kschocolat Dipping Easter Eggs http://is.gd/raZl not the best though ,
266,4376,0,hates having spots  http://plurk.com/p/n18zp,Angry
267,4399,0,so tired   in my room chilling out. fun :|,Sad
268,4446,0,says everything still hurts.  http://plurk.com/p/n19ve,Sad
269,4465,0,Bbutton ring fell off  needa replace one asap: Bbutton ring fell off  needa replace one asap,
270,4498,0,"@bradiewebbstack :O socks and showers? they dont mix, trusst me. they get wet and you cant wear them anymoreee  its miserable",Surprise
271,4515,0,Wonderful weather in Rochester this morning  - http://twitpic.com/2y9o1,
272,4546,0,"No, i can't believe I just wrote that. The reason why she couldn't make it was: Her neighbor shot himself yesterday. OMG! Rest In peace. ",Surprise
273,4547,0,"Kelly Good morning fellow tweets, there is allot of spamers on here.  but thats ok, I'll just get rid of them. http://ff.im/1Y9yn",
274,4552,0,"@Rach_McCoyle : wicked, ill ring you after work &amp; we can arrange, i miss my best buddie  oh yes W&amp;C's all the way &lt;3",
275,4556,0,says ang tagal naman ng May 14  http://plurk.com/p/n1b4k,
276,4601,0,Is anyone out there?  Of course not... it's 4:07am.  I have to go to work early tomorrow and I can't sleep,Angry
277,4603,0,432 views and no takers...   http://www.etsy.com/view_listing.php?listing_id=23241867,Sad
278,4656,0,"Worst combination ever: 2 cups of Coffee, vitamin pill, cereal and milk.",Disgust
279,4666,0,@SalocinTEN: The same problem? I can't believe it! ,
280,4681,0,http://twitpic.com/2y9xm - this shit ball didn't come down,Angry
281,4703,0,wonders how how how !   http://plurk.com/p/n1czp,
282,4722,0,http://twitpic.com/2ya1c - Good F'in Morning  Springtime my ass. Global warming?! Suck it!,Angry
283,4738,0,@JodieWanKenobie Oh yer btw before i go i direct messaged you  not good news im afraid :'(,Fear
284,4754,0,"bahah, two days before my birthday, i'll be in the shittest mood ever! D: beware of seb on the 28th of April",Sad
285,4757,0,"omg i slept 2 hours, this sucks. now i'm off to school until 5:30  then i have to memorize my french oral and study for exams :'( too much",Sad
286,4758,0,Up early and off to work till 6:30pm.,
287,4762,0,Just got a call from the s2bx: my little one is sick and wants to stay home today.,Sad
288,4797,0,"@allaboutenergy Do you happen to have this song in your collection? http://www.amazon.com/I-Am/dp/B001CQ6578   I cannot buy it, USA only",Sad
289,4816,0,"Sun and Dï¿½ner, what a great lunch break. But now it's project time again  Upcoming meeting: Masterplan - sounds important BUT IS  ...",
290,4875,0,"just uploaded these pix - April 7th, huh?  Could have fooled me.   http://is.gd/rbg9",
291,4876,0,New interview about Wolfram|Alpha http://tr.im/in2l  Insanely cool. Can't wait for the launch in May  #wolframalpha #search #semantic-web,Joy
292,4917,0,Someone in SWEDEN didn't like Mystic Myre http://www.smartestgames.com/gotd.php ,
293,4927,0,9:30PM! So I asked my teacher if I had to speak about my project and she said noo! I am so happy. I might have spewed up!,Joy
294,4930,0,"woke up about 4:30ish very wet ,changed myself  still tryn to go back to sleep,not lookin good tho.....",Disgust
295,4932,0,"Dear Pidgin development team: Please please please can we have a notify for the IRC client, as I never read it until they have gone again ",
296,4950,0,http://news.aol.com/?feature=416950    Very sad.,Sad
297,4960,0,Spring time is over  http://twitpic.com/2yagh,
298,4965,0,@daibarnes I've just looked on your list and it isn't there  http://www.diigo.com/user/daibarnes/moodlefairy?tab=250,
299,4966,0,"@Redd205 it sure will .. &amp; since i'm a responsible mom, i dont have random men in my bed  and i have to use my imagination :-D",Joy
300,4971,0,@ mileycyrus: man it sounds like you had a rough night  i'm sorry. Hope ya get some sleep soon!,Sad
301,5004,0,@zampeachie @Farscale To answer both of you: I studied for FOUR hours before the exam and I'm pretty sure I still fucked it ,Sad
302,5005,0,Is home! Been @ WCH since 8:30AM this morning. Been awake since 4. 2nd born in over night; she is not a happy camper  #WCH #tired,Sad
303,5009,0,Riddle Answer: Romeo and Juliet are fish!!! And the broken glass and water is from the fishbowl breaking ,
304,5027,0,Oh no! How did I only just find this out?! http://www.abc.net.au/news/stories/2009/04/02/2533045.htm?section=entertainment I'm sad now,Sad
305,5033,0,"again at 3:45 during the morning, the crazy old lady downstairs had her music turn on.... uggg",Angry
306,5036,0,My face again... I miss this hair  http://paradisaea-decora.deviantart.com/art/Amore-de-Mori-Fascinator-112915560 ,Sad
307,5072,0,Ripley is missing Sarah  http://apps.facebook.com/dogbook/profile/view/540402,Sad
308,5104,0,"@amazingphoebe i guess so :/ but i'ma still be hell fucked off those nights regardless, i guess ",Angry
309,5111,0,want http://tinyurl.com/3p7653 !! but not in the uk store,Sad
310,5136,0,Looks like McG lost his R-Rating battle over Terminator Salvation. Watered down Terminator movie?  http://tinyurl.com/c37yjv,
311,5174,0,"Photo: got this from marjï¿½s multiply. awww, iï¿½ll miss you masci,  http://tumblr.com/xix1ju5ku",
312,5210,0,It's too early to be at school... It's 6:50 ugh....,Angry
313,5211,0,just woke upp [: CHEESE ON TOAST. yummmm. i want to wear my spongebob teeshirt but i cant find it ,Joy
314,5281,0,Reila woke me up around 3:30AM and I STILL haven't gone back to bed because she's asleep on me,Sad
315,5284,0,and here  http://twitpic.com/2yaxf,
316,5305,0, my housemaid.........oh I hate her :s  I guess she has alzheimers she didn't even know MY NAME,Angry
317,5311,0,Violence: bloodbath in Landgericht Landshut... 	 Germany is no longer safe  ,Sad
318,5320,0,http://twitpic.com/2yb45 - Eggies!!! For my sister and parents. Im not so sure Im gonna get some back...,Sad
319,5322,0,@mikafonacier I'm seriously so devastated.  Hell yes. HAHAHA. :x,Joy
320,5334,0,A snow covered morning... In April. So depressing  http://twitpic.com/2yb54,Sad
321,5340,0,Glad my PC had stopped randomly crashing;  it wasn't very conducive to work  - http://bkite.com/06fNh,Joy
322,5361,0,"http://bit.ly/rKfaO new spending plan looks very practical (more intelligence and irregular warfare (@ terrorism)), still jobs are lost.. ",Sad
323,5374,0,@thehoosiersuk http://twitpic.com/2yafi - Keep Losing Count  Ill Guess About 176  xx,
324,5384,0,says aww. maintenance ang Pet Society.  http://plurk.com/p/n1mox,
325,5408,0,": so like, now that everyone knows what I'm doing with my life here in twitter what am I supposed to talk about in normal conversation?!? ",Surprise
326,5409,0,"http://postsecret.blogspot.com/ The Jury Duty postcard - I WAS TOO, but I couldn't fly to Calgary for it. ",Sad
327,5479,0,Audio: coolcat214: ï¿½awwwwwwwwwww my poor baby is sick im sorry mi amor  its okay. =| http://tumblr.com/xue1ju8xt,Sad
328,5489,0,ew snow! but anywho im getting ready to go to co op BUT....no brandon today  he is very sick! so im coming home today D: send some love&lt;3,Sad
329,5518,0,Oscar is getting ready to be neutered  http://apps.facebook.com/dogbook/profile/view/6366157,
330,5538,0,New SATC movie coming out 2010! But Oz gets the premier last  All cast back and it's set in fabulous London...yay! http://tiny.cc/7zCnY,Joy
331,5545,0,Advertising and marketing research tomorrow  hope i know stuff :&quot;(,Anticipation
332,5551,0,@Yourmumsmabitch Well I was there for quite a bit when your car stopped working :p Damn I forgot about your car sorry  Poor thing,Sad
333,5564,0,@Adka88 ya this one - its just really expensive in Swiss     http://bit.ly/aBxtk,
334,5569,0,this is embarrassing and irritating. Conchords in Tampa Review. http://is.gd/rbFC ,Sad
335,5571,0,random thoughts pt 3 of 3: i'm onto season 3 of l word. i don't want to watch this season because my favorite character dies.,Sad
336,5573,0,Sydney rail advertising. http://twitpic.com/2ybkw Graduate programs at railways was my first choice but alas I ended in fashion,
337,5617,0,"Riddle me this: WHY is it SNOWING? Not flurrying, S-N-O-W-I-N-G? ",
338,5619,0,1 in 6 of my previous friends and colleagues at RBS are going to lose their jobs  http://news.bbc.co.uk/2/hi/uk_news/scotland/7987659.stm,Sad
339,5626,0,"mai thi communication system mï¿½ ch?a cï¿½ h?c ???c ch? nï¿½o h?t, ch?c l?i f?i n?p gi?y tr?ng nh? hï¿½m thi mï¿½n Anten quï¿½,  :'&lt;",
340,5632,0,Oh Parky no  http://uk.tv.yahoo.com/blog/article/138886/ Should Jade have been punished for being brought up poor then?,Sad
341,5634,0,@cyclesocial 3 out of 3 comments are negative on that story http://tinyurl.com/cgqajm UK Society seemingly doesn't want to slow down,
342,5668,0,"Isabeau Ella-Marie Carpenter wntd mommy 2 call in sick, i miss her  http://apps.facebook.com/dogbook/profile/view/6215591",Sad
343,5695,0,Just stopped in at Subway. They didn't have the Fearless songbook at Music Cellar  Spent 6.50 on theory books I don't even want :/,Sad
344,5721,0,Full Of The Cold:; Starting To Bring Me Down ,
345,5731,0,@SelenlovesMcfly NOOOOO!!   Are they really angry? :'(,Sad
346,5747,0,@Maceymace it's at 9:00 but i've gotta be there 15 minutes before.. :/ so very early!!  my sisters boyfriends doing it the same day,Sad
347,5755,0,Simba is already missing Sally &amp; Zac  http://apps.facebook.com/catbook/profile/view/1043840,Sad
348,5765,0,Horrible day so far and it's only 7:30 am,Disgust
349,5775,0,@GiulianaRancic:I'm very excited my cardio kickboxing instructor is teaching close by again! I had lost 30 lbs w/her. Back on w/out her,Joy
350,5787,0,"Just had the guy from the insurance company over, re: flooded kitchen. Much chin rubbing later, its all got to be ripped out. ",
351,5805,0,"@bigjonevans @willgray79 you asked for a &quot;Volunteer&quot; for Monday, not sure mine will be there    http://bit.ly/13qWMV",
352,5811,0,@sinjax Alas MusicBrainz does not recognise the mp3  http://content.ytmnd.com/content/1/2/a/12a04f12b7524534b0275a0ab5fcab9e.mp3,
353,5847,0,"@SLessard Hi Stefan!Unfortunately i canï¿½t go to DMB concert in Brazil  I was studing surgery,iï¿½m becoming to be a doctor i was busy :/",Sad
354,5848,0,@ensredshirt I forgot all about Chuck! I didn't remember until about 8:15  I will have to catch it online...,
355,5849,0,got off @ 12:30 am and now I am on my way back 2 OCS land!,
356,5868,0,@mistressmatisse That link isn't working  http://ff.im/1Yepk,
357,5884,0,http://twitpic.com/2yc8x - And this guy was eyeing me off for his lunch!!!,Angry
358,5894,0,Part two of my HP saga: Black cartridge I bought way back dried out since I couldn't actually use it in my printer. 15 ï¿½ gone.,
359,5905,0,Jack can't wait until he gets hom from the Vet. My leg hurts   http://apps.facebook.com/dogbook/profile/view/6236285,Sad
360,5938,0,@theellenshow http://twitpic.com/2cepq - You never told your cow story! We were waiting for it.,
361,5948,0,Really liking the new Yahoo Music Pages http://new.music.yahoo.com/velvet-underground. The only problem is that it uses Rhapsody ,
362,5988,0,says walang RC  http://plurk.com/p/n1vzj,
363,5996,0,"is wearing nothing but a sarong as a house dress. Have to, weather feels heavy and humid  http://plurk.com/p/n1w2g",
364,6014,0,"Gah! Its +15 outside, and i'm stuck in this shit hole building till 6:00! Why me!?!?",Angry
365,6031,0,davepeckens: @honk4peace Never received any DMs last night.  Twitter was hacking up a lung or something.,Sad
366,6068,0,Deep papercut on miles to go.  :/...listening to music.,Sad
367,6070,0,Sick as shit.  I really want to drink some water. :/,Sad
368,6101,0,Photo field trip today. (: I just wish it wasn't so cold. ,Joy
369,6105,0,wonders why I always don't have a signal? I'm using Globe  http://plurk.com/p/n1xjj,
370,6116,0,Oh no - it's all gone to shit  http://is.gd/rc0L,Sad
371,6192,0,Teaching on very little sleep: This will be fun. ,Disgust
372,6193,0,"Just got to work..... here til 4:30... still no internet @ home  will get it up ASAP, tho!",
373,6200,0,I broke m.twitter.com too  http://twitpic.com/2ycz0,
374,6209,0,"@of_cupids TY 4 the suggestion, but I can't be around cooking food: I'm allergic to pork products &amp; just the smell can make me sick.",
375,6230,0,http://twitpic.com/2yczz - This is yk not feeding us,
376,6233,0,says Pau.wag ka na sad please..  http://plurk.com/p/n1zkg,
377,6248,0,Someone somewhere didn't like Yubotu http://www.smartestgames.com/gotdhistory.php?id=158,Sad
378,6261,0,@imrui no i feel nothing.. but i have http://en.wikipedia.org/wiki/Mount_Vesuvius this just near my house ,
379,6285,0,YEY Sox game today! if only i didn't have class till 4:20,Sad
380,6318,0,@joyanne Thanks...   Also: argh. And gah. And a bit of meh.,Angry
381,6327,0,just had a mam as talk wif dad bout...shit. :@ still underhouse arrest. BASICALLY: ALL MY TRUST=GONE ,Surprise
382,6342,0,is @ St Mary's  http://ff.im/-1Ygw9,
383,6346,0,This looks like a great series on different bike marques - http://is.gd/rcb3 - if only I had Discovery HD...,
384,6390,0,@MissIgs been too many meetings since 12:30  AAHH!,Sad
385,6393,0,we owe like $350 dollars to the IRS   Fair tax anyone?  http://www.fairtax.org/site/PageServer?pagename=about_main,
386,6399,0,@Schofe http://twitpic.com/2yd1o - this one isn't anywhere near as comfy,
387,6460,0,ready to go to my cousins...at five...its now 14:22,
388,6464,0,@ninaneverknew: I knooow.  but tsk. im so feeling the urge to move out! Huhu. ,
389,6465,0,@tommcfly :O starbucks! never tehe oooh now i want one ,Surprise
390,6477,0,says over 200 na ang dead sa italy  http://plurk.com/p/n241v,Sad
391,6479,0,Karelman: thinking in Italy. So sorry  http://tinyurl.com/cequbc,Sad
392,6490,0,I can already teel that it's going to b a rough day and it's not even 9:30 yet!,Sad
393,6495,0,i hate snow...why did it have to come back??!! :@  seeing monsters vs. aliens tonight with @ashleebaby7,Sad
394,6546,0,#spbpuk other common failures to upgrade: dec CU had a corrupted dlls in it and hanged. Just my experience. ,
395,6548,0,wow.... http://digg.com/d1nzKq  and people here complaine about our buses here... ( don't know if this link will work ) i'm new,
396,6562,0,@presssquare DDDDD: poor you ,Sad
397,6577,0,Lesson Learned: Don't try and take out contact lenses in the shower ,
398,6632,0,http://twitpic.com/2ye2j - Spanish Orals + French Orals = Bordem + 1 books + 100 sheets,Sad
399,6639,0,"@MarieChristineJ No, I'm old. You made it to 10:45! Whereas I usually only last til 10",
400,6640,0,"@bradradke lol at least you're eating something this morning, i couldnt cuz i was rushed out the door to school :@ ",Sad
401,6646,0,was at school before 7:00 this mornin,
402,6659,0,dear ipod: pls to be coming back to me nao. WHERE ARE YOU? i can't find youuuuu.  don't be lost!,Sad
403,6660,0,jennatar: oh my god internet explorer 6 and 7 i just don't understand you guys  [Jenn Frank] http://tinyurl.com/d4twwr,Surprise
404,6677,0,"@CLChouse re: Retyping Tweets, I know.    I (via BeTwittered) was putting the icing on Twitters &quot;Fail Whale Cake&quot; yesterday.",
405,6691,0,@nancypub @mikenealis @JessicaLemmo I actually saw a site where they do that http://bit.ly/ExwiN but that just made me sad!  #Smeeps,Sad
406,6697,0,"@davidm89 FYI: In case you're looking, a new Chicago Manual goes for about $50.",
407,6746,0,I can't believe this cool Day/Night Street Rock doesn't even have a single heart  http://www.etsy.com/view_listing.php?listing_id=21362047,Surprise
408,6750,0,ok to get more serious again: I'm now poking in me nose! trying to find some green but can't find none ,
409,6752,0,A new two wheel vehicle! http://news.yahoo.com/s/ap/20090407/ap_on_bi_ge/general_motors_segway   I dont know how to shorten things yet,
410,6754,0,my phone rang at 2:08 am...,
411,6764,0,http://twitpic.com/2yee8 - I can almost see the sky!,
412,6799,0,"AAAARGH! must, have! broke...  http://link.marktplaats.nl/234557434",Angry
413,6806,0,LaKuata: good morning! well I had an appointment but..my car won't start  I'm stuck at home,Sad
414,6840,0,says napaka hostile tuloy ng environment dito sa office ngayon...  http://plurk.com/p/n29vz,
415,6858,0,"So what, all the new Canon SLR's record video now??   New Rebel T1i comes out in May:  12,800 iso, video, 15.5 mpx.... *sigh*",Angry
416,6871,0,might be needing this in the very near future  http://macmost.com/replacing-a-macbook-pro-fan.html,Anticipation
417,6918,0,is waiting for RC to come back  http://plurk.com/p/n2b6d,
418,6932,0,"Appointment for Barkley at 3:15. Seriously, I need my dog to not have cancer or anything. That's expensive but I can't let him die.",Sad
419,7013,0,Okay guys must start getting ready for class. Tuesday and Thor's Day (learned that in class lol) are my long days  1:00 straight thru 3:30,Joy
420,7038,0,"i'm so tired right now guys, i've had loads of sleep :| its really wierd! Not well ",Sad
421,7043,0,http://twitpic.com/2yf5x - I want a real breakfast this morning,
422,7054,0,is out apartment hunting!!!!   sidenote: sad dat none of her friends r on twitter...feels like shes talkin 2 herself  lol,Sad
423,7101,0,Word To The Wise: don't make out with someone unless you're wearing chapstick &amp; such... my lips hurt. ,
424,7115,0,I love people that BANG ON THE FUCKING WINDOW AT 9:59 AM and scream Russian at me!!! Why couldn't  Hitler win?,Angry
425,7137,0,@jason_nott http://twitpic.com/2ybib - Sorry for the bad weather! We hate it too  Hope you still have a good time in Ohio.,Sad
426,7140,0,@frypilot yes but it happens everytime you listen to ftsk  and i listen to ftsk and dont want that to happen to kitts! :'(!,Sad
427,7144,0,woops got chocolate milkshake on my white top :S grr my top  &lt;3,Sad
428,7154,0,"ay nag-online sandali dahil atat sa grades. Unfortunately, di pa rin complete ang grades ko sa CRS.   http://plurk.com/p/n2exb",
429,7157,0,i am getting ready for school start a 8:00 not in your seat by 8 your tardy!,
430,7169,0,Cat has an appt this afternoon at 3:45. She ate a little this morning. She's hiding right now. I'm worried.,Sad
431,7172,0,@rbbandstand WICBT (Wish I Could Be There) Snowing here   .....like our class song said...&quot;The Sun will come out...tomorrow&quot; ::gagging::,Sad
432,7207,0,sad but true   ? http://blip.fm/~3xj00,Sad
433,7214,0,grabbing some food before class maybe... 11:05-12:20 &amp; 12:30-3:10  then nap or swimming and some speech thing for class at 6ish ewww! bye,Disgust
434,7255,0,"Standing between me &amp; spring break: 6 days, filing taxes (I owe  ), end of term and figuring out grades, dentist today...",
435,7282,0,"hears it's April, but still sees February when he looks outside. Also, woke up with PVCs. Lovely.    http://twitpic.com/2yft8",Joy
436,7304,0,Watching EastEnders Revealed while eating chicken noodle soup. Going to get upset all over again re: Danielle &amp; Ronnie. ,Sad
437,7320,0,http://twitpic.com/2yfzz - I wish it was still Sat,Sad
438,7327,0,"New commute record: 1hr20min, normally &lt;30min.  They're adding an emergency second lane to 40 through the canyon tonight.",
439,7410,0,2 classes til 1:30.. then work til 6. Tomorrow will be a very long day,
440,7423,0,"GreaterLansingWelcome back party for the Spartans! Breslin Center, 10:45 this morning! Team arrives about 11:15 a.m. Wish I could go",
441,7432,0,Normal Grading system vs Asian Grading system. http://tinyurl.com/ddyd8p LOL ITS SO TRUE I went through that,
442,7454,0,#Lahore @ EssexEating only been to Lahore.  http://tinyurl.com/dbdjvz,
443,7472,0,I'm having such a hard time dealing with everything  I can't help but think about her alot :/ I wonder how shes handling this. Is she  ...,Sad
444,7484,0,@ the desk! :-/   wish i was in NY!!!!!! ,Sad
445,7500,0,"intranet search results: looks like google , at first glance the relevance seems as bad as in almost every intranet ",Sad
446,7551,0,I saw the cutest guy ever!.... in my dream  dreams come true right? i hope so! (:,Joy
447,7564,0,is playing iKnowledge (???) in facebook. The question is so difficult.  http://tinyurl.com/dn8ot5,
448,7612,0,http://twitpic.com/2ygve - This is where I will be parked for the next three days. No windows,
449,7638,0,"@pedrogaspar I thought I was the only one with &quot;tab'itis&quot;...  I get &quot;attached&quot; to the open tabs with articles, code, etc... :/",Sad
450,7664,0,OMG! I hate this snow!   3 Days till David Cook!  &lt;Hebrews 13:8&gt;,Sad
451,7698,0,&quot;Pack&quot; the duckling found safe but his webbed feet have been cut and a new one will still have to be made.  http://is.gd/rdfK,
452,7720,0,http://twitpic.com/2yh5g - Today is the day. Gotta sell the scooter,
453,7724,0,just woke up  kinda not feeling well... http://plurk.com/p/n2obx,Sad
454,7728,0,: staying away from tea all day today ,
455,7766,0,Had horrible dream in which one of The Sats died :|  The first dream I've had about them that I properly remember and it's that terrible!!,Sad
456,7789,0,Just posting about my first time with the #WiiFit - It's okay...but not what I thought it was going to be  http://bit.ly/K6wwM,
457,7798,0,stupid cocking megavideo :@ wish wixi wasnt down today ,Angry
458,7837,0,"IPL schedule for SA now online http://snurl.com/fezu1 , but none of Joburg matches are bookable yet  #cricket http://ff.im/-1Ynyy",
459,7839,0,"Happy and sad, I don't have to go into work until 3:25 today, but I miss out on my 12 Asian kids on a bus route.",
460,7884,0,just had a nasty nosebleed and this didn't help me at all http://www.etsy.com/forums_thread.php?thread_id=6108505&amp;page=1 made me sad,Sad
461,7893,0,"My head is hurting, my throat is sore, I can't hear the Day26 leak, the Day26 album on Amazon is fuc*ing expensive, I have homework :'(",Sad
462,7896,0,"Time Off Day 2: Just got back from my time out, i am so tired of being skint, no good news at the bank  May watch another zombie film now.",Sad
463,7947,0,Big Mama is missing her mommy!  she is always gone! http://apps.facebook.com/dogbook/profile/view/6305303,Sad
464,7965,0,"@sparkledonkey: The second he started posting about moving in the subscriber section, I thought of you guys. ",
465,8048,0,"@EWPopWatch: Did Kutner's *sniff, sniff* *sob, sob* leave of the show have to do with the actor, Kal Penn? ",Sad
466,8051,0,@screamaimdance haha yeah that's the one :] and I tried with my Flickr but I can't even remember my Yahoo ID :S  Added you on my one,Joy
467,8058,0,filling out my Call to the Bar form :/ just have to find 2 &quot;professional people&quot; to give me a reference,
468,8072,0,"Home again, home again. Jiggidy Jig.  http://twitpic.com/2yi9c",
469,8095,0,"Lycos 14 year old mascot spider &quot;Rex&quot; passed away this morning.  RIP friend, you will be missed.  Her story: http://is.gd/rdsE",Fear
470,8098,0,"@SurrendrDorothy I had a tough time doing anything here yesterday around 3, 3:30.",Sad
471,8123,0,": Gosh, I'm fucking emo. I wrote on status on facebook 4 her, mum turned off Tom &amp; Jerry (which me and Ruby was enjoying) For The Hills.",Fear
472,8127,0,http://twitpic.com/2yii3 - my q key broke,Fear
473,8145,0,has been neglecting Plurk.  http://plurk.com/p/n2vlz,
474,8149,0,Already hungry for lunch and it's not even 11:00 am yet.,Anticipation
475,8156,0,Timchou (A.K.A. &quot;Timber&quot;) ...my mom ran 13.1 miles...WITHOUT ME!!!  http://apps.facebook.com/dogbook/profile/view/6203681,Angry
476,8195,0,How sad.  http://tinyurl.com/c975bt,Sad
477,8226,0,is  down pa din ang restaurant city http://plurk.com/p/n2wog,
478,8248,0,"Retweeting @93octane: The musician who inspired me to pick up the bass, Chi Cheng of the deftones, is still in a coma since 11/4/08.",Joy
479,8254,0,"@SecndCitySoiree you know, I'm tempted to make the switch. first @Dell 's customer service was great, but now i feel    http://bit.ly/AdSB",
480,8256,0,#Lahore #Lahore @ EssexEating only been to Lahore.  http://tinyurl.com/dbdjvz http://tinyurl.com/d9jux2,
481,8315,0,I never made &lt;a href=&quot;http://www.apple.com/downloads/dashboard/music/redalarmclock.html&quot;&gt;Red Alarm Clock&lt;/a&gt; work ,Surprise
482,8323,0,@earthtoryann: lolz ryann. im skipping all day. i wont be in bilology ,Joy
483,8332,0,"Your bike messenger look is so hot right meow: Except that you're on the train without a bike cause it's raining today. Aww, so sad ",Angry
484,8342,0,Back home - wish I was still in Cabo  http://twitpic.com/2yj1i,Sad
485,8348,0,the good news: the doctor agrees; i NEED surgery!!  the bad news: i have to wait til the last wednesday in may  UGH!,Joy
486,8377,0,@JasmineAria I don't know  *::realizes that boycotting a computer would be stupid::* SHUT UP!! ,Angry
487,8395,0,: Had to come inside because the cable didn't reach to the bit of the garden with sun  Now sitting in the lounge instead...,
488,8429,0,&quot;Twitter Status: Bad Gateway Twitter is down&quot; ,
489,8466,0,My little boy has the croup (http://en.wikipedia.org/wiki/Croup) again  he was coughing all night...,Disgust
490,8469,0,@yazeez http://twitpic.com/2yiur - tell apple to make a pink one,
491,8537,0,? mï¿½nh ch?ng mu?n ngh? ??n vi?c ch?ng l?y   8/3 nï¿½y http://afamily.channelvn.net/20090306055417830tm0ca99/Phim-hay-VTV1-Co-dau-chay-tron,
492,8539,0,forgot to sign out from my google account and my friend had his share of wickedness :O ,Surprise
493,8545,0,almost time for a ride. Q: will i get it done and stay dry? A: No. cos my shoes are still sopping from yesterday. boo. ,Anticipation
494,8548,0,"Tonight: I'll be showing the Palm Pre on the Daily Show...wait, no, I'll just be a sap in the audience ",Fear
495,8575,0,Working on my songg for aunt nan.   kinda hard and crying while I write it :'(,Sad
496,8578,0,"Well, @LilWO was having a tough day/night. Wanted @TinkFan to lay down w/ him, and she passed out, still sick   http://twitpic.com/3i2jo",Sad
497,8593,0,@nick_carter http://twitpic.com/3i1z0 - oh i want one too,
498,8616,0,Dear AT&amp;T:  Get your act together with the Coachella webcast.  I missed The Hold Steady end.    http://music.att.com,Anticipation
499,8622,0,@nick_carter http://twitpic.com/3i25t - I totally missed out on this. I have a really good one...,Joy
500,8623,0,@xosophietweets ahh :S i dnt know what to say....i'm friends with all you guys i dnt like this ,Sad
